SG,Rule,SG_size,count-cluster-1,count-cluster-2,Accuracy,AUROC,random-acc,random-auc,len_hf1,len_nothf,mean_hf1,mean_nothf,hf1_tvalue_nothf,hf1_pvalue_nothf,hf1_tvalue_oneSamp,hf1_pvalue_oneSamp
SG0,IF Age>=29.0 AND Age<=63.0 AND Body-mass>=25.1 AND DBP<=108.0 AND Serum-insulin<=440.0 THEN Cluster2=1 ,330,163,167,0.7125984251968503,0.769834098933222,,,163,599,131.86503067484662,118.87312186978298,4.887155218672168,1.2483329945383432e-06,4.318099047876313,2.7332731699950035e-05
SG1,IF Body-mass>=28.8 AND DBP<=108.0 THEN Cluster2=1 ,509,211,298,0.7637795275590551,0.8560988572947117,,,211,551,133.97156398104266,116.93466424682396,7.111369702893516,2.6551951378268364e-12,5.733382410853185,3.394808793014127e-08
SG2,IF Age>=29.0 AND Body-mass>=23.3 AND DPF<=0.742 AND Body-mass<=39.1 AND Serum-insulin<=480.0 THEN Cluster2=1 ,260,137,123,0.7270341207349081,0.7840097186894954,,,137,625,134.24817518248176,118.8912,5.429065405371338,7.626800181471415e-08,4.926206860836732,2.394895771557828e-06
SG3,IF Age>=23.0 AND Body-mass>=26.4 AND DPF>=0.239 AND Pregnancies<=8.0 THEN Cluster2=1 ,344,158,186,0.7375328083989501,0.8160358376675145,,,158,604,133.13291139240508,118.64900662251655,5.404797732160906,8.691004405103177e-08,4.666224973204946,6.530034437312478e-06
SG4,IF Body-mass>=25.5 AND Body-mass>=31.0 THEN Cluster2=1 ,421,179,242,0.7427821522309711,0.8203523024942107,,,179,583,134.73743016759778,117.63464837049743,6.742153001572304,3.088167173186887e-11,5.569867379538747,9.279169313009154e-08
