SG,Rule,SG_size,count-cluster-1,count-cluster-2,Accuracy,AUROC,len_hf1,len_hf2,len_nothf,mean_hf1,mean_hf2,mean_nothf,hf1_tvalue_hf2,hf1_pvalue_hf2,hf1_tvalue_nothf,hf1_pvalue_nothf,hf1_tvalue_oneSamp,hf1_pvalue_oneSamp
SG0,IF Age>=29.0 AND Age<=63.0 AND Body-mass>=25.1 AND DBP<=108.0 AND Serum-insulin<=440.0 THEN Cluster2=1 ,330,158,172,0.720472441,0.766170609,158,172,604,132.2025316,125.6337209,118.8923841,1.922145784,0.055453402,9.05E-07,9.05E-07,4.270606577,3.36E-05
SG1,IF Body-mass>=28.8 AND DBP<=108.0 THEN Cluster2=1 ,509,216,293,0.775590551,0.849664022,216,293,546,135.1388889,118.8361775,116.3168498,5.964177571,4.62E-09,5.54E-15,5.54E-15,6.282075411,1.83E-09
SG2,IF Age>=29.0 AND Body-mass>=23.3 AND DPF<=0.742 AND Body-mass<=39.1 AND Serum-insulin<=480.0 THEN Cluster2=1 ,260,132,128,0.730971129,0.797957557,132,128,630,134.7727273,119.6328125,118.9031746,3.946697205,0.000102224,4.34E-08,4.34E-08,4.880892211,3.02E-06
SG3,IF Age>=23.0 AND Body-mass>=26.4 AND DPF>=0.239 AND Pregnancies<=8.0 THEN Cluster2=1 ,344,164,180,0.761154856,0.817842906,164,180,598,134.4207317,120.4166667,118.1505017,4.120029666,4.76E-05,9.83E-10,9.83E-10,5.210900052,5.62E-07
SG4,IF Body-mass>=25.5 AND Body-mass>=31.0 THEN Cluster2=1 ,421,184,237,0.762467192,0.839839034,184,237,578,135.4293478,119.7383966,117.266436,5.221972635,2.79E-07,9.54E-13,9.54E-13,5.976541024,1.17E-08
