SG,Rule,SG_size,count_Class_0,count_Class_1,Accuracy,AUROC,len_hf1,len_hf2,len_nothf,mean_hf1,mean_hf2,mean_nothf,hf1_tvalue_hf2,hf1_pvalue_hf2,hf1_tvalue_nothf,hf1_pvalue_nothf,hf1_tvalue_oneSamp,hf1_pvalue_oneSamp
SG0_Class_0,IF sixteen<=1.410375211 AND sixteen<=0.096420998 AND three>=-2.22887607 AND twenty>=-2.324924955 THEN Class=0 ,1657,1182,475,0.6658,0.7436031999999999,608,1049,4392,-0.7950130484312874,-1.1594469807403585,-0.46284734519448273,6.2884051511170425,4.094605604893694e-10,3.451291699569733e-09,3.451291699569733e-09,-5.249832897508827,2.108217644921171e-07
SG1_Class_0,IF sixteen<=-0.741836917 AND thirteen>=-0.972285078 AND twenty>=-2.801296212 AND three>=-2.217292868 THEN Class=0 ,830,729,101,0.6358,0.7027173600000001,102,728,4898,-0.03301261450608249,-1.4583627766138594,-0.5130310712251465,14.049307004294814,2.270480874955594e-40,0.00022483941985155438,0.00022483941985155438,2.922836821356499,0.004280982722070929
SG2_Class_0,IF sixteen<=1.410375211 AND eleven<=1.737669477 AND three>=-2.22887607 AND fifteen<=1.84944581 AND seventeen>=-1.744533926 THEN Class=0 ,3284,1901,1383,0.729,0.8126417600000001,1404,1880,3596,-0.49651020004476426,-0.63377340979511,-0.5058657265510403,3.29781233234844,0.0009847972490597465,0.8193140696638224,0.8193140696638224,0.1959071583760394,0.8447112039834963
SG0_Class_1,IF sixteen>=-1.928858128 AND sixteen>=-0.757528085 AND thirteen>=0.209586251 AND seventeen>=-2.835610415 AND thirteen<=2.3527318 THEN Class=1 ,3777,1536,2241,0.7604,0.8297328,1644,2133,3356,-0.1822818036460529,-0.4433065884554247,-0.6604654911639691,6.328682358346686,2.7621183476807937e-10,9.334308761546867e-35,9.334308761546867e-35,9.42067581051001,1.4632097996842652e-20
SG1_Class_1,IF sixteen>=-1.928858128 AND sixteen>=-0.757528085 AND thirteen>=0.209586251 AND seventeen>=-2.835610415 AND thirteen<=2.3527318 THEN Class=1 ,3291,1285,2006,0.7184,0.7969674400000001,1371,1920,3629,-0.00021045591943014166,-0.4260046310535592,-0.6932777455152527,9.462896566130242,5.523753590644995e-21,3.9213337270824555e-65,3.9213337270824555e-65,13.662629110545884,6.18314359747351e-40
SG2_Class_1,IF sixteen>=-1.928858128 AND sixteen>=-0.757528085 AND thirteen>=0.209586251 AND seventeen>=-2.835610415 AND thirteen<=2.3527318 THEN Class=1 ,1721,540,1181,0.6926,0.77314304,624,1097,4376,0.41309524271445225,-0.9895373224120999,-0.6339042287463924,28.403712926805643,7.825912871608758e-146,1.0451439231924148e-81,1.0451439231924148e-81,21.0770998048967,7.459910403247719e-75
