SG,Rule,SG_size,count_Class_0,count_Class_1,Accuracy,AUROC,len_hf1,len_hf2,len_nothf,mean_hf1,mean_hf2,mean_nothf,hf1_tvalue_hf2,hf1_pvalue_hf2,hf1_tvalue_nothf,hf1_pvalue_nothf,hf1_tvalue_oneSamp,hf1_pvalue_oneSamp
SG0_Class_0,IF sixteen<=1.410375211 AND sixteen<=0.096420998 AND three>=-2.22887607 AND twenty>=-2.324924955 THEN Class=0 ,1657,1182,475,0.8542,0.90757928,938,719,4062,-1.1580666960518862,-0.8956742519238251,0.8776639474339084,-5.688672454659695,1.5110760878835995e-08,0.0,0.0,-55.475485782426915,2.695826077925943e-298
SG1_Class_0,IF sixteen<=-0.741836917 AND thirteen>=-0.972285078 AND twenty>=-2.801296212 AND three>=-2.217292868 THEN Class=0 ,830,729,101,0.789,0.8545876,541,289,4459,-1.7115709756019228,-1.8183003547949834,0.7635712696525014,1.8491018550913634,0.06479937336276258,0.0,0.0,-66.91570318512962,1.4789510662364514e-263
SG2_Class_0,IF sixteen<=1.410375211 AND eleven<=1.737669477 AND three>=-2.22887607 AND fifteen<=1.84944581 AND seventeen>=-1.744533926 THEN Class=0 ,3284,1901,1383,0.8246,0.88117232,1443,1841,3557,-0.49166789277662143,0.28810692954712214,0.8963399389531996,-20.706907539952137,1.2682712723958784e-89,3.608820815839898e-256,3.608820815839898e-256,-32.348466250126414,4.5987831062228095e-173
SG0_Class_1,IF sixteen>=-1.928858128 AND sixteen>=-0.757528085 AND thirteen>=0.209586251 AND seventeen>=-2.835610415 AND thirteen<=2.3527318 THEN Class=1 ,3777,1536,2241,0.7634,0.84273936,1327,2450,3673,0.9674204476509526,1.084383917756853,0.32535732631283565,-3.827943212051011,0.00013131288355459949,5.5430213423117874e-49,5.5430213423117874e-49,16.38055146150835,4.616395870956522e-55
SG1_Class_1,IF sixteen>=-1.928858128 AND sixteen>=-0.757528085 AND thirteen>=0.209586251 AND seventeen>=-2.835610415 AND thirteen<=2.3527318 THEN Class=1 ,3291,1285,2006,0.7664,0.85000984,1053,2238,3947,1.3622841664286347,1.2396667091555624,0.26458555012173984,4.2459340911930745,2.2370819181916495e-05,2.5006333125275278e-123,2.5006333125275278e-123,31.142555299544448,2.0195582361976084e-151
SG2_Class_1,IF sixteen>=-1.928858128 AND sixteen>=-0.757528085 AND thirteen>=0.209586251 AND seventeen>=-2.835610415 AND thirteen<=2.3527318 THEN Class=1 ,1721,540,1181,0.7148,0.7878968,840,881,4160,0.7019126081608787,1.1929270503084601,0.454134087193442,-10.7025835385036,6.355316179108953e-26,1.931071508203837e-06,1.931071508203837e-06,6.0865053439197245,1.7539798731834606e-09
