SG,Rule,SG_size,count_Class_0,count_Class_1,Accuracy,AUROC,len_hf1,len_nothf,mean_hf1,mean_nothf,hf1_tvalue_nothf,hf1_pvalue_nothf,hf1_tvalue_oneSamp,hf1_pvalue_oneSamp
SG0,IF thirteen<=0.517354558 AND sixteen>=-0.757528085 AND sixteen<=2.051552695 AND nineteen>=-2.22177887 AND seven>=-2.024778974 THEN Cluster2=1 ,2237,1145,1092,0.7036,0.7729831999999999,2237,2763,-0.3497334079246042,-0.6275207528096458,7.547511829811006,5.2413851159473503e-14,5.8109713788923525,7.099081408511767e-09
SG1,IF sixteen>=-0.741836917 AND one>=-1.509066322 AND sixteen<=2.561117645 AND thirteen>=-2.356528035 AND twelve<=2.278485653 THEN Cluster2=1 ,3327,1406,1921,0.7346,0.8081337599999999,3327,1673,-0.3075812169084594,-0.8923315988559158,15.340622315933219,6.145771292762946e-52,9.351208375771142,1.5442219939792695e-20
SG2,IF sixteen>=-1.398159303 AND sixteen<=2.473808675 AND sixteen>=-0.652709226 AND eighteen<=2.494845301 AND one>=-2.655756738 THEN Cluster2=1 ,3746,1635,2111,0.742,0.8241244,3746,1254,-0.29783551266466207,-1.1168274665857771,20.05018609519625,4.5014351164361234e-86,10.560235803410748,1.0432735132460327e-25
SG3,IF sixteen>=-1.745847119 AND sixteen>=-1.22127894 AND sixteen<=2.029493074 AND nineteen>=-2.404035318 AND one>=-1.276297093 THEN Cluster2=1 ,3435,1598,1837,0.7482,0.82197704,3435,1565,-0.36714309657295224,-0.80195331425706,11.08933172272311,3.011213363489837e-28,6.883022860890509,6.936364136252036e-12
SG4,IF thirteen<=0.647707773 AND sixteen>=-1.737726915 AND sixteen<=3.062516034 AND thirteen>=-3.617965286 AND fifteen>=-2.649009824 THEN Cluster2=1 ,2894,1434,1460,0.721,0.7968196000000001,2894,2106,-0.4113913091327991,-0.6294525284473271,5.870240227081083,4.632394214872165e-09,3.700980704041651,0.0002187714137862507
