SG,Rule,SG_size,count_Class_0,count_Class_1,Accuracy,AUROC,len_hf1,len_hf2,len_nothf,num_hf1_true,num_hf2_true,num_nothf_true,hf1_pvalue_hf2,hf1_pvalue_nothf
SG0_Class_0,IF Age<=59.0 AND Region RWMA==0 AND Tinversion==0 AND Poor R Progression==0 AND EX-Smoker==0 THEN Class=0 ,90,59,31,0.7986798679867987,0.8204555129842486,24,66,279,6,24,158,0.4487389590629588,0.004575326237360079
SG1_Class_0,IF Atypical!=0 AND Age<=70.0 AND Region RWMA!=2 AND ESR<=51.0 AND CR>=0.8 THEN Class=0 ,71,52,19,0.801980198019802,0.8389474244359302,22,49,281,0,0,164,1.0,1.3541836833187963e-08
SG2_Class_0,IF Region RWMA==0 AND DM==0 AND Q Wave==0 AND CR>=0.8 AND Lymph>=16.0 THEN Class=0 ,133,70,63,0.8217821782178217,0.8780864197530865,42,91,261,13,43,151,0.09073712649620373,0.0014037092494552852
SG0_Class_1,IF Atypical==0 AND Nonanginal==0 AND VHD!=3 AND K>=3.2 AND TG>=50.0 THEN Class=1 ,184,13,171,0.8118811881188119,0.8523307790549169,17,167,286,12,148,152,0.05148020403694429,0.21211636007150814
SG1_Class_1,IF Atypical==0 AND Nonanginal==0 AND VHD!=3 AND Length>=145.0 AND BMI>=18.36547291 THEN Class=1 ,185,14,171,0.801980198019802,0.8333599404001701,19,166,284,13,147,151,0.02657101825473014,0.23868541806815893
SG2_Class_1,IF Atypical==0 AND Nonanginal==0 AND VHD!=3 AND Length>=145.0 AND ESR>=4.0 THEN Class=1 ,173,11,162,0.7986798679867987,0.8332002979991485,15,158,288,10,140,154,0.03227104824154853,0.4277707628076431
