SG,Rule,SG_size,count_Class_0,count_Class_1,Accuracy,AUROC,len_hf1,len_hf2,len_nothf,num_hf1_true,num_hf2_true,num_nothf_true,hf1_pvalue_hf2,hf1_pvalue_nothf
SG0_Class_0,IF Age<=59.0 AND Region RWMA==0 AND Tinversion==0 AND Poor R Progression==0 AND EX-Smoker==0 THEN Class=0 ,90,59,31,0.8085808580858086,0.831843337590464,23,67,280,5,25,159,0.20721521499134968,0.0017319595214399387
SG1_Class_0,IF Atypical!=0 AND Age<=70.0 AND Region RWMA!=2 AND ESR<=51.0 AND CR>=0.8 THEN Class=0 ,71,52,19,0.8250825082508251,0.8498829289059173,25,46,278,0,0,164,1.0,9.628324383010984e-10
SG2_Class_0,IF Region RWMA==0 AND DM==0 AND Q Wave==0 AND CR>=0.8 AND Lymph>=16.0 THEN Class=0 ,133,70,63,0.8250825082508251,0.8620423584504043,40,93,263,11,45,153,0.03469946906293066,0.0003132846486658055
SG0_Class_1,IF Atypical==0 AND Nonanginal==0 AND VHD!=3 AND K>=3.2 AND TG>=50.0 THEN Class=1 ,184,13,171,0.8184818481848185,0.8621487867177521,17,167,286,12,148,152,0.05148020403694429,0.21211636007150814
SG1_Class_1,IF Atypical==0 AND Nonanginal==0 AND VHD!=3 AND Length>=145.0 AND BMI>=18.36547291 THEN Class=1 ,185,14,171,0.8382838283828383,0.8705566198382291,18,167,285,12,148,152,0.0200578668299792,0.3336359931986298
SG2_Class_1,IF Atypical==0 AND Nonanginal==0 AND VHD!=3 AND Length>=145.0 AND ESR>=4.0 THEN Class=1 ,173,11,162,0.8151815181518152,0.8659535972754363,13,160,290,8,142,156,0.016727579885234767,0.7775307412470607
