SG,random-acc,random-auc,len_hf1,len_sample,count-class-0,count-class-1
SG0-cktosd,0.7388451443569554,0.7982802475228732,163,163,56,107
SG1-cktosd,0.7769028871391076,0.8649026232868913,211,211,63,148
SG2-cktosd,0.7480314960629921,0.8065411335940169,137,137,47,90
SG3-cktosd,0.7545931758530183,0.8319729698948408,158,158,55,103
SG4-cktosd,0.7454068241469817,0.8363463801677993,179,179,57,122
