SG,random-acc,random-auc,len_hf1,len_sample,count-class-0,count-class-1
SG0-cktosd,0.7742782152230971,0.8505789453703352,158,158,44,114
SG1-cktosd,0.7926509186351706,0.8746896473178696,216,216,65,151
SG2-cktosd,0.7650918635170604,0.8189514445161535,132,132,42,90
SG3-cktosd,0.7650918635170604,0.8423180592991915,164,164,46,118
SG4-cktosd,0.7952755905511811,0.8587297369120381,184,184,53,131
