SG,random-acc,random-auc,len_hf1,len_sample,count-class-0,count-class-1
SG0-cktosd,0.7519685039370079,0.8137162598230894,163,163,50,113
SG1-cktosd,0.7992125984251969,0.8661706085570025,211,211,60,151
SG2-cktosd,0.7913385826771654,0.8435822482062184,137,137,39,98
SG3-cktosd,0.7755905511811023,0.8256748035382104,158,158,47,111
SG4-cktosd,0.7926509186351706,0.8612884856307658,179,179,53,126
